"key","scene","group","source","object_path","priority","type","ko","en","args","note"
"ui.common.close_x","TownMap","common","PF_Canvas_TownExpeditionOverlay.prefab; PF_Canvas_TownHomeOverlay.prefab","*/CloseButton/Label","candidate","symbol","X","X","","텍스트 번역보다 닫기 아이콘으로 대체 권장"
"ui.common.collapse","TownMap","common","PF_Canvas_TownExpeditionOverlay.prefab","TownPartyPanel/PartyPanelMinimizeButton/PartyPanelMinimizeLabel","candidate","symbol","-","-","","접기 상태 표시 기호"
"ui.common.arrow_left","TownMap","common","Canvas_RhythmHUD.prefab","BeatGuide/*Left*","skip","symbol","<","<","","입력 방향 기호"
"ui.common.arrow_right","TownMap","common","Canvas_RhythmHUD.prefab; PF_Canvas_TownHomeOverlay.prefab","BeatGuide/*Right*; */Arrow","skip","symbol",">",">","","입력 방향 또는 진행 기호"
"ui.common.arrow_next","TownMap","common","PF_Canvas_TownHomeOverlay.prefab","HomeReference/*/ActionArrow","skip","symbol","›","›","","카드 이동 기호"
"ui.common.empty","TownMap","common","PF_Canvas_TownHomeOverlay.prefab","*/EmptyLabel; InventoryRow_*/State","must","static","비어 있음","EMPTY","","장비 슬롯과 인벤토리 빈 상태"
"ui.common.none_dash","TownMap","common","PF_Canvas_TownHomeOverlay.prefab","*/KeyResultPlayers; placeholders","candidate","symbol","-","-","","값 없음 표시"
"ui.common.ok","TownMap","common","PF_Canvas_TownExpeditionOverlay.prefab","SidePartySlot_*/ReadyGraphic/ReadyText","must","static","OK","OK","","준비 완료 배지"
"ui.common.host_badge","TownMap","common","PF_Canvas_TownExpeditionOverlay.prefab","*/HostBadge; RoleBadge","must","static","HOST","HOST","","방장 배지"
"ui.hud.minimap.title","TownMap","hud","Canvas_RhythmHUD.prefab; MinimapHudView.cs:281","HUDRoot/MinimapPanel/Title","must","static","미니맵","MINIMAP","",""
"ui.hud.minimap.zoom_format","TownMap","hud","Canvas_RhythmHUD.prefab","HUDRoot/MinimapPanel/ZoomButton_X*/Label","candidate","template","X{level}","X{level}","level","줌 배율 표기"
"ui.hud.combo.label","TownMap","hud","Canvas_RhythmHUD.prefab; ComboCounterView.cs:138","HUDRoot/ComboFlourish/ComboLabel","must","static","콤보","COMBO","",""
"ui.hud.combo.count_format","TownMap","hud","Canvas_RhythmHUD.prefab","HUDRoot/ComboFlourish/ComboCount","should","template","x{count}","x{count}","count","숫자 부분은 런타임 값"
"ui.hud.party.player_format","TownMap","hud","Canvas_RhythmHUD.prefab; HudPresenter.cs:778","HUDRoot/PartyPanels/PartyPanel_*/Name","must","template","플레이어 {index}","Player {index}","index","기본 플레이어 이름"
"ui.hud.party.player_fallback","TownMap","hud","PartyMemberPanelView.cs:23","nameText","must","static","플레이어","Player","","이름이 비어 있을 때 표시"
"ui.hud.party.hp_format","TownMap","hud","Canvas_RhythmHUD.prefab; PartyMemberPanelView.cs:30","HUDRoot/PartyPanels/PartyPanel_*/HpText","should","template","{hp}/{max_hp}","{hp}/{max_hp}","hp|max_hp","수치 형식"
"ui.hud.stage.name_fallback","TownMap","hud","StageInfoPanelView.cs:18; HudPresenter.cs:809","HUDRoot/StagePanel/StageText","must","static","전투 중","InGame","","스테이지명이 없을 때"
"ui.hud.stage.default_name","TownMap","hud","Canvas_RhythmHUD.prefab","HUDRoot/StagePanel/StageText","should","data_ref","크리스탈 카번","Crystal Cavern","","맵 데이터로 분리 권장"
"ui.hud.stage.bpm_format","TownMap","hud","Canvas_RhythmHUD.prefab","HUDRoot/StagePanel/BpmText","should","template","BPM {bpm}","BPM {bpm}","bpm","비활성 텍스트지만 런타임 표기 후보"
"ui.hud.skill.key_0","TownMap","hud","Canvas_RhythmHUD.prefab","SkillBar/Slot_0/CooldownText","candidate","input_binding","H","H","","입력 바인딩 데이터로 관리 권장"
"ui.hud.skill.key_1","TownMap","hud","Canvas_RhythmHUD.prefab","SkillBar/Slot_1/CooldownText","candidate","input_binding","J","J","","입력 바인딩 데이터로 관리 권장"
"ui.hud.skill.key_2","TownMap","hud","Canvas_RhythmHUD.prefab","SkillBar/Slot_2/CooldownText","candidate","input_binding","K","K","","입력 바인딩 데이터로 관리 권장"
"ui.hud.skill.key_3","TownMap","hud","Canvas_RhythmHUD.prefab","SkillBar/Slot_3/CooldownText","candidate","input_binding","L","L","","입력 바인딩 데이터로 관리 권장"
"ui.town.inventory.category.all","TownMap","town_inventory","PF_TownInventory_UI.prefab","Panel/Categories/Btn_All/Text","must","static","전체","All","",""
"ui.town.inventory.category.equipment","TownMap","town_inventory","PF_TownInventory_UI.prefab","Panel/Categories/Btn_Equipment/Text","must","static","장비","Equipment","",""
"ui.town.inventory.category.consumable","TownMap","town_inventory","PF_TownInventory_UI.prefab","Panel/Categories/Btn_Consumable/Text","must","static","소비","Consumable","",""
"ui.town.inventory.category.material","TownMap","town_inventory","PF_TownInventory_UI.prefab","Panel/Categories/Btn_Material/Text","must","static","재료","Material","",""
"ui.town.inventory.sort.option","TownMap","town_inventory","PF_TownInventory_UI.prefab","Panel/SortDropdown/Template/Viewport/Content/Item/Item Label","should","static","옵션","Option","","드롭다운 옵션명으로 교체 예정"
"ui.town.inventory.action.use","TownMap","town_inventory","PF_TownInventory_UI.prefab","Panel/DetailsPanel/UseBtn/Text","must","static","사용","Use","",""
"ui.town.inventory.action.trash","TownMap","town_inventory","PF_TownInventory_UI.prefab","Panel/DetailsPanel/TrashBtn/Text","must","static","버리기","Trash","",""
"ui.town.inventory.quantity.title","TownMap","town_inventory","PF_TownInventory_UI.prefab","Panel/QuantityPopup/Title","must","static","아이템 버리기","Discard Item","",""
"ui.town.inventory.quantity.confirm","TownMap","town_inventory","PF_TownInventory_UI.prefab","Panel/QuantityPopup/ConfirmBtn/Text","must","static","확인","Confirm","",""
"ui.town.inventory.quantity.cancel","TownMap","town_inventory","PF_TownInventory_UI.prefab","Panel/QuantityPopup/CancelBtn/Text","must","static","취소","Cancel","",""
"ui.town.inventory.amount_format","TownMap","town_inventory","PF_TownInventory_UI.prefab","Prefab_TownSlot/Amount","should","template","{amount}","{amount}","amount","수량 표기"
"ui.town.inventory.item_name_placeholder","TownMap","town_inventory","PF_TownInventory_UI.prefab; TownInventoryDetailsUI.cs:44","Panel/DetailsPanel/Name","must","static","아이템 이름","Item Name","","아이템 데이터가 없을 때"
"ui.town.inventory.equipment_name_fallback","TownMap","town_inventory","TownInventoryDetailsUI.cs:52","DetailsPanel/Name","must","static","장비","Equipment","","장비 템플릿 누락 시"
"ui.town.inventory.item_fallback","TownMap","town_inventory","TownInventoryDetailsUI.cs:44","DetailsPanel/Name","must","static","아이템","Item","","아이템 템플릿 누락 시"
"ui.town.inventory.description_placeholder","TownMap","town_inventory","PF_TownInventory_UI.prefab","Panel/DetailsPanel/Desc","must","static","설명...","Description...","",""
"ui.town.inventory.stats_placeholder","TownMap","town_inventory","PF_TownInventory_UI.prefab","Panel/DetailsPanel/Stats","must","static","능력치...","Stats...","",""
"data.item.name","TownMap","item_data","Design/DataTables/1_Common_Items.csv; 2_Equipments.csv","name","must","data_ref","","","item_id","아이템과 장비 이름은 언어별 텍스트 키로 분리 필요"
"data.item.description","TownMap","item_data","Design/DataTables/1_Common_Items.csv","description","must","data_ref","","","item_id","아이템 설명은 언어별 텍스트 키로 분리 필요"
"ui.town.expedition.party_count_format","TownMap","town_expedition","PF_Canvas_TownExpeditionOverlay.prefab; TownExpeditionPanel.cs:451","TownPartyPanel/PartyCount","must","template","파티 현황 ({current}/{max})","Party ({current}/{max})","current|max",""
"ui.town.expedition.party_count_empty","TownMap","town_expedition","TownExpeditionPanel.cs:451","TownPartyPanel/PartyCount","must","static","파티 현황 (-/-)","Party (-/-)","",""
"ui.town.expedition.status.loading_town","TownMap","town_expedition","PF_Canvas_TownExpeditionOverlay.prefab; TownExpeditionPanel.cs:195","TownPartyPanel/PartyPanelBody/Status","must","static","Town 정보를 불러오는 중...","Loading Town information...","",""
"ui.town.expedition.status.api_ready","TownMap","town_expedition","TownExpeditionPanel.cs:271","Status","must","static","Town API 준비 중...","Preparing Town API...","",""
"ui.town.expedition.status.wait_town_room","TownMap","town_expedition","TownExpeditionPanel.cs:278","Status","must","static","Town Room 정보를 기다리는 중...","Waiting for Town Room information...","",""
"ui.town.expedition.status.town_room_failed","TownMap","town_expedition","TownExpeditionPanel.cs:288","Status","must","template","Town Room 조회 실패 ({status_code})","Town Room query failed ({status_code})","status_code",""
"ui.town.expedition.status.game_ready","TownMap","town_expedition","TownExpeditionPanel.cs:472","TopStatus","must","static","Game 준비 중","Preparing Game","",""
"ui.town.expedition.status.host_wait","TownMap","town_expedition","TownExpeditionPanel.cs:472","TopStatus","must","static","Host 대기 중","Waiting for Host","",""
"ui.town.expedition.status.host_select_wait","TownMap","town_expedition","TownExpeditionPanel.cs:472","TopStatus","must","static","Host 선택 대기 중","Waiting for Host selection","",""
"ui.town.expedition.ready.hint_toggle","TownMap","town_expedition","PF_Canvas_TownExpeditionOverlay.prefab; TownExpeditionPanel.cs:474","ClientControls/ClientReadyHint","must","static","토글하여 준비 / 해제","Toggle to ready / unready","",""
"ui.town.expedition.ready.hint_wait_host_map","TownMap","town_expedition","TownExpeditionPanel.cs:474","ClientControls/ClientReadyHint","must","static","Host가 맵을 선택하면 준비할 수 있습니다.","You can ready after the Host selects a map.","",""
"ui.town.expedition.ready.button","TownMap","town_expedition","PF_Canvas_TownExpeditionOverlay.prefab; TownExpeditionPanel.cs:488","ReadyWindowButton/Label","must","static","준비","Ready","",""
"ui.town.expedition.ready.done","TownMap","town_expedition","TownExpeditionPanel.cs:488; 927","ReadyWindowButton/Label; Status","must","static","준비 완료","Ready","",""
"ui.town.expedition.ready.sync","TownMap","town_expedition","TownExpeditionPanel.cs:490","ReadyWindowButton/Label","must","static","동기화 중","Syncing","",""
"ui.town.expedition.ready.sent","TownMap","town_expedition","TownExpeditionPanel.cs:927","Status","must","static","준비 완료를 전송했습니다.","Ready state sent.","",""
"ui.town.expedition.ready.cancel_sent","TownMap","town_expedition","TownExpeditionPanel.cs:927","Status","must","static","준비 취소를 전송했습니다.","Ready cancel sent.","",""
"ui.town.expedition.ready.summary.no_game","TownMap","town_expedition","PF_Canvas_TownExpeditionOverlay.prefab; TownExpeditionPanel.cs:1446","ReadySummary","must","static","Game 대기방 없음","No Game waiting room","",""
"ui.town.expedition.ready.summary.host_wait","TownMap","town_expedition","TownExpeditionPanel.cs:1446","ReadySummary","must","static","Host 대기 중","Waiting for Host","",""
"ui.town.expedition.ready.summary.connecting","TownMap","town_expedition","TownExpeditionPanel.cs:1450","ReadySummary","must","static","참가자 준비: 대기방 연결 중","Player ready: connecting to waiting room","",""
"ui.town.expedition.ready.summary.auto_connecting","TownMap","town_expedition","TownExpeditionPanel.cs:1451","ReadySummary","must","static","참가자 준비: 자동 연결 중","Player ready: auto-connecting","",""
"ui.town.expedition.ready.summary.all_ready","TownMap","town_expedition","TownExpeditionPanel.cs:562","ReadySummary","must","static","모든 준비가 완료되었습니다. 시작할 수 있습니다.","Everyone is ready. You can start.","",""
"ui.town.expedition.ready.summary.wait_start","TownMap","town_expedition","TownExpeditionPanel.cs:564","ReadySummary","must","static","준비 완료. Host의 시작을 기다리는 중입니다.","Ready. Waiting for the Host to start.","",""
"ui.town.expedition.ready.summary.need_ready","TownMap","town_expedition","TownExpeditionPanel.cs:564","ReadySummary","must","static","준비 버튼으로 참가 준비를 완료하세요.","Press Ready to finish preparing.","",""
"ui.town.expedition.ready.summary.game_connecting","TownMap","town_expedition","TownExpeditionPanel.cs:568","ReadySummary","must","template","{map_title} 대기방 연결 중입니다.","Connecting to {map_title} waiting room.","map_title",""
"ui.town.expedition.ready.summary.game_auto_connecting","TownMap","town_expedition","TownExpeditionPanel.cs:569","ReadySummary","must","template","{map_title} 대기방에 자동 연결 중입니다.","Auto-connecting to {map_title} waiting room.","map_title",""
"ui.town.expedition.ready.summary.selected_host","TownMap","town_expedition","TownExpeditionPanel.cs:573","ReadySummary","must","template","{map_title} 선택됨. 시작을 누르면 Game 대기방을 만들고 파티 준비 상태를 확인합니다.","{map_title} selected. Press Start to create a Game waiting room and check party readiness.","map_title",""
"ui.town.expedition.ready.summary.wait_host_map","TownMap","town_expedition","TownExpeditionPanel.cs:574","ReadySummary","must","static","Host의 맵 선택과 시작을 기다리는 중입니다.","Waiting for the Host to select a map and start.","",""
"ui.town.expedition.ready.reason.wait_game_room","TownMap","town_expedition","TownExpeditionPanel.cs:1479","Status","must","static","Game 대기방 연결을 기다리는 중입니다.","Waiting for Game waiting room connection.","",""
"ui.town.expedition.ready.reason.wait_party_join","TownMap","town_expedition","TownExpeditionPanel.cs:1508","Status","must","template","파티원 Game 대기방 입장 대기 중 ({joined}/{required})","Waiting for party members to enter Game waiting room ({joined}/{required})","joined|required",""
"ui.town.expedition.selected_map.label","TownMap","town_expedition","PF_Canvas_TownExpeditionOverlay.prefab","SelectedMapPanel/SelectedMapLabel","must","static","선택된 맵","Selected Map","",""
"ui.town.expedition.selected_map.goal_active","TownMap","town_expedition","TownExpeditionPanel.cs:586","SelectedMapGoal","must","static","선택된 맵","Selected Map","","activeGame일 때 목표 대신 표시"
"ui.town.expedition.invite.label","TownMap","town_expedition","PF_Canvas_TownExpeditionOverlay.prefab","InviteLabel","must","static","초대 코드","Invite Code","",""
"ui.town.expedition.invite.empty","TownMap","town_expedition","PF_Canvas_TownExpeditionOverlay.prefab","InviteCode","candidate","placeholder","----","----","","초대 코드 미발급 상태"
"ui.town.expedition.invite.copy","TownMap","town_expedition","PF_Canvas_TownExpeditionOverlay.prefab","CopyInviteButton/Label","must","static","복사","Copy","",""
"ui.town.expedition.invite.no_code","TownMap","town_expedition","TownExpeditionPanel.cs:1104","Status","must","static","복사할 초대 코드가 없습니다.","No invite code to copy.","",""
"ui.town.expedition.invite.copied","TownMap","town_expedition","TownExpeditionPanel.cs:1109","Status","must","static","초대 코드를 클립보드에 복사했습니다.","Invite code copied to clipboard.","",""
"ui.town.expedition.map_change","TownMap","town_expedition","PF_Canvas_TownExpeditionOverlay.prefab","GameSelectButton/Label","must","static","맵 변경","Change Map","",""
"ui.town.expedition.map_info","TownMap","town_expedition","PF_Canvas_TownExpeditionOverlay.prefab","MapInfoButton/Label; MapInfoHeader","must","static","맵 정보","Map Info","",""
"ui.town.expedition.start","TownMap","town_expedition","PF_Canvas_TownExpeditionOverlay.prefab; TownExpeditionPanel.cs:503","HostStartGameButton/Label","must","static","시작","Start","",""
"ui.town.expedition.start.create_room","TownMap","town_expedition","TownExpeditionPanel.cs:503","HostStartGameButton/Label","must","static","대기방 생성","Create Room","",""
"ui.town.expedition.start.wait_ready","TownMap","town_expedition","TownExpeditionPanel.cs:503","HostStartGameButton/Label","must","static","준비 대기","Waiting for Ready","",""
"ui.town.expedition.start.processing","TownMap","town_expedition","TownExpeditionPanel.cs:505","HostStartGameButton/Label","must","static","처리 중","Processing","",""
"ui.town.expedition.party_manage","TownMap","town_expedition","PF_Canvas_TownExpeditionOverlay.prefab","PartyManageButton/Label; MapSelectPartyButton/Label","must","static","파티 관리","Manage Party","",""
"ui.town.expedition.cancel_game_room","TownMap","town_expedition","PF_Canvas_TownExpeditionOverlay.prefab","HostCancelGameButton/Label","must","static","대기 취소","Cancel Waiting","",""
"ui.town.expedition.slot.waiting","TownMap","town_expedition","TownExpeditionPanel.cs:664","SidePartySlot_*","must","static","대기 중","Waiting","",""
"ui.town.expedition.slot.hp_waiting_compact","TownMap","town_expedition","TownExpeditionPanel.cs:666","SidePartySlot_*/HpText","candidate","symbol","-","-","","compact 상태 빈 HP"
"ui.town.expedition.party_member.player_format","TownMap","town_expedition","TownExpeditionPanel.cs:747; 787","SidePartySlot_*/Name","must","template","플레이어 {index}","Player {index}","index",""
"ui.town.expedition.party_member.default_player_1","TownMap","town_expedition","TownExpeditionPanel.cs:775","SidePartySlot_01/Name","must","static","플레이어 1","Player 1","",""
"ui.town.expedition.action.host_only_create_room","TownMap","town_expedition","TownExpeditionPanel.cs:807","Status","must","static","Host만 Game 대기방을 만들 수 있습니다.","Only the Host can create a Game waiting room.","",""
"ui.town.expedition.action.room_ui_missing","TownMap","town_expedition","TownExpeditionPanel.cs:814; 906; 954; 1056","Status","must","static","Room UI를 찾을 수 없습니다.","Room UI was not found.","",""
"ui.town.expedition.action.game_room_exists","TownMap","town_expedition","TownExpeditionPanel.cs:823","Status","must","static","이미 열린 Game 대기방이 있습니다.","A Game waiting room is already open.","",""
"ui.town.expedition.action.create_game_room","TownMap","town_expedition","TownExpeditionPanel.cs:828","Status","must","static","Game 대기방 생성 중...","Creating Game waiting room...","",""
"ui.town.expedition.action.create_game_room_failed","TownMap","town_expedition","TownExpeditionPanel.cs:854","Status","must","static","Game 대기방 생성 실패","Failed to create Game waiting room","",""
"ui.town.expedition.action.connect_game_room_failed","TownMap","town_expedition","TownExpeditionPanel.cs:861; 919; 987; 1065","Status","must","static","Game 대기방 연결에 실패했습니다.","Failed to connect to Game waiting room.","",""
"ui.town.expedition.action.share_game_room_failed","TownMap","town_expedition","TownExpeditionPanel.cs:871","Status","must","template","Town에 Game 방 공유 실패 ({status_code})","Failed to share Game room to Town ({status_code})","status_code",""
"ui.town.expedition.action.game_room_created","TownMap","town_expedition","TownExpeditionPanel.cs:878","Status","must","static","Game 대기방이 생성되었습니다.","Game waiting room created.","",""
"ui.town.expedition.action.no_open_game_room","TownMap","town_expedition","TownExpeditionPanel.cs:899; 1019","Status","must","static","아직 열린 Game 대기방이 없습니다.","There is no open Game waiting room yet.","",""
"ui.town.expedition.action.open_waiting_room","TownMap","town_expedition","TownExpeditionPanel.cs:911","Status","must","static","대기방을 여는 중...","Opening waiting room...","",""
"ui.town.expedition.action.apply_ready","TownMap","town_expedition","TownExpeditionPanel.cs:911","Status","must","static","준비 상태 적용 중...","Applying ready state...","",""
"ui.town.expedition.action.host_only_start","TownMap","town_expedition","TownExpeditionPanel.cs:947","Status","must","static","Host만 Game을 시작할 수 있습니다.","Only the Host can start the Game.","",""
"ui.town.expedition.action.prepare_game_start","TownMap","town_expedition","TownExpeditionPanel.cs:959","Status","must","static","Game 시작 준비 중...","Preparing Game start...","",""
"ui.town.expedition.action.created_wait_party","TownMap","town_expedition","TownExpeditionPanel.cs:973","Status","must","static","Game 대기방을 만들었습니다. 파티원이 준비한 뒤 다시 시작하세요.","Game waiting room created. Start again after party members are ready.","",""
"ui.town.expedition.action.game_start_requested","TownMap","town_expedition","TownExpeditionPanel.cs:999","Status","must","static","Game 시작 요청을 보냈습니다.","Game start request sent.","",""
"ui.town.expedition.action.host_only_cancel","TownMap","town_expedition","TownExpeditionPanel.cs:1025","Status","must","static","Host만 Game 대기방을 취소할 수 있습니다.","Only the Host can cancel the Game waiting room.","",""
"ui.town.expedition.action.cancel_game_room","TownMap","town_expedition","TownExpeditionPanel.cs:1030","Status","must","static","Game 대기방 취소 중...","Canceling Game waiting room...","",""
"ui.town.expedition.action.canceled_game_room","TownMap","town_expedition","TownExpeditionPanel.cs:1039","Status","must","static","Game 대기방을 취소했습니다.","Game waiting room canceled.","",""
"ui.town.expedition.action.inventory_missing","TownMap","town_expedition","TownExpeditionPanel.cs:1077","Status","must","static","Inventory UI를 찾을 수 없습니다.","Inventory UI was not found.","",""
"ui.town.expedition.action.recreate_disconnected_room","TownMap","town_expedition","TownExpeditionPanel.cs:1200","Status","must","static","기존 Game 대기방 연결이 끊겨 새로 만드는 중...","Previous Game waiting room disconnected. Creating a new one...","",""
"ui.town.expedition.map_select.title","TownMap","town_expedition","PF_Canvas_TownExpeditionOverlay.prefab","TownGameSelectWindow/MapSelectTitle","must","static","맵 선택","Select Map","",""
"ui.town.expedition.map_select.confirm","TownMap","town_expedition","PF_Canvas_TownExpeditionOverlay.prefab","MapSelectConfirmButton/Label","must","static","선택","Select","",""
"ui.town.expedition.map_select.close","TownMap","town_expedition","PF_Canvas_TownExpeditionOverlay.prefab","TownGameSelectWindow/CloseButton/Label","candidate","symbol","X","X","","닫기 아이콘으로 대체 가능"
"ui.town.expedition.map_select.preview_forest","TownMap","town_expedition","PF_Canvas_TownExpeditionOverlay.prefab","LargePreview/PreviewLabel","should","static","FOREST","FOREST","","배경/프리뷰 레이블"
"ui.town.expedition.map_info.header","TownMap","town_expedition","PF_Canvas_TownExpeditionOverlay.prefab","TownMapInfoWindow/MapInfoHeader","must","static","맵 정보","Map Info","",""
"ui.town.expedition.map_info.close","TownMap","town_expedition","PF_Canvas_TownExpeditionOverlay.prefab","MapInfoCloseWideButton/Label","must","static","닫기","Close","",""
"ui.town.expedition.map_info.feature_title","TownMap","town_expedition","PF_Canvas_TownExpeditionOverlay.prefab","FeatureTitle","must","static","지역 특징","Area Features","",""
"ui.town.expedition.map_info.stats_format","TownMap","town_expedition","TownExpeditionPanel.cs:597","MapInfoStats","must","template","난이도  {difficulty}\n권장 플레이어  {players}\n예상 시간  {time}\n목표  {goal}","Difficulty  {difficulty}\nRecommended Players  {players}\nEstimated Time  {time}\nGoal  {goal}","difficulty|players|time|goal",""
"ui.town.expedition.map_info.feature_entry_format","TownMap","town_expedition","TownExpeditionPanel.cs:1755","MapInfoFeature_*/FeatureText","must","template","{title} 입구\n파티 합류 후 즉시 전투 준비 가능","{title} Entrance\nReady for battle right after joining the party","title",""
"data.game_map.forest_tutorial.title","TownMap","game_map","TownExpeditionPanel.cs:108; PF_Canvas_TownExpeditionOverlay.prefab","MapOption_00/Title","must","data_ref","포레스트 튜토리얼","Forest Tutorial","",""
"data.game_map.forest_tutorial.description","TownMap","game_map","TownExpeditionPanel.cs:116","MapOption_00/Description; MapSelectDetailDesc","must","data_ref","깊고 울창한 포레스트에서 기본 조작을 익힐 수 있는 입문 맵입니다.","An introductory map for learning basic controls in the deep forest.","",""
"data.game_map.forest_tutorial.short_description","TownMap","game_map","PF_Canvas_TownExpeditionOverlay.prefab","MapOption_00/Description","must","data_ref","입문 전투와 기본 조작","Introductory combat and basic controls","",""
"data.game_map.forest_tutorial.difficulty","TownMap","game_map","TownExpeditionPanel.cs:124","MapOption_00/Difficulty","must","data_ref","쉬움","Easy","",""
"data.game_map.forest_tutorial.players","TownMap","game_map","TownExpeditionPanel.cs:132","MapOption_00/Meta","must","data_ref","1~4명","1-4 players","",""
"data.game_map.forest_tutorial.time","TownMap","game_map","TownExpeditionPanel.cs:140","MapOption_00/Meta","must","data_ref","5~10분","5-10 min","",""
"data.game_map.forest_tutorial.goal","TownMap","game_map","TownExpeditionPanel.cs:148","SelectedMapGoal","must","data_ref","모든 적 처치","Defeat all enemies","",""
"data.game_map.whispering_forest.title","TownMap","game_map","TownExpeditionPanel.cs:109; PF_Canvas_TownExpeditionOverlay.prefab","MapOption_01/Title","must","data_ref","위스퍼링 포레스트","Whispering Forest","",""
"data.game_map.whispering_forest.description","TownMap","game_map","TownExpeditionPanel.cs:117","MapOption_01/Description","must","data_ref","몬스터가 숨어 있는 숲길을 따라 전투 흐름을 익히는 맵입니다.","Learn the combat flow along a forest path where monsters hide.","",""
"data.game_map.whispering_forest.short_description","TownMap","game_map","PF_Canvas_TownExpeditionOverlay.prefab","MapOption_01/Description","must","data_ref","숲길 전투와 균열 정리","Forest path combat and rift cleanup","",""
"data.game_map.whispering_forest.difficulty","TownMap","game_map","TownExpeditionPanel.cs:125","MapOption_01/Difficulty","must","data_ref","보통","Normal","",""
"data.game_map.whispering_forest.players","TownMap","game_map","TownExpeditionPanel.cs:133","MapOption_01/Meta","must","data_ref","1~4명","1-4 players","",""
"data.game_map.whispering_forest.time","TownMap","game_map","TownExpeditionPanel.cs:141","MapOption_01/Meta","must","data_ref","10~15분","10-15 min","",""
"data.game_map.whispering_forest.goal","TownMap","game_map","TownExpeditionPanel.cs:149","SelectedMapGoal","must","data_ref","숲의 균열 정리","Clear the forest rift","",""
"data.game_map.crystal_cavern.title","TownMap","game_map","TownExpeditionPanel.cs:110; PF_Canvas_TownExpeditionOverlay.prefab","MapOption_02/Title","must","data_ref","크리스탈 카번","Crystal Cavern","",""
"data.game_map.crystal_cavern.description","TownMap","game_map","TownExpeditionPanel.cs:118","MapOption_02/Description","must","data_ref","푸른 크리스탈이 빛나는 동굴에서 강한 적을 상대합니다.","Face stronger enemies in a cave lit by blue crystals.","",""
"data.game_map.crystal_cavern.short_description","TownMap","game_map","PF_Canvas_TownExpeditionOverlay.prefab","MapOption_02/Description","must","data_ref","강한 적이 등장하는 동굴","A cave with stronger enemies","",""
"data.game_map.crystal_cavern.difficulty","TownMap","game_map","TownExpeditionPanel.cs:126","MapOption_02/Difficulty","must","data_ref","어려움","Hard","",""
"data.game_map.crystal_cavern.players","TownMap","game_map","TownExpeditionPanel.cs:134","MapOption_02/Meta","must","data_ref","2~4명","2-4 players","",""
"data.game_map.crystal_cavern.time","TownMap","game_map","TownExpeditionPanel.cs:142","MapOption_02/Meta","must","data_ref","15~20분","15-20 min","",""
"data.game_map.crystal_cavern.goal","TownMap","game_map","TownExpeditionPanel.cs:150","SelectedMapGoal","must","data_ref","크리스탈 수호자 처치","Defeat the Crystal Guardian","",""
"data.game_map.test_dungeon.title","TownMap","game_map","TownExpeditionPanel.cs:111; PF_Canvas_TownExpeditionOverlay.prefab","MapOption_03/Title","must","data_ref","테스트 던전","Test Dungeon","",""
"data.game_map.test_dungeon.description","TownMap","game_map","TownExpeditionPanel.cs:119","MapOption_03/Description","must","data_ref","개발 테스트용 기본 전투 맵입니다.","Default combat map for development testing.","",""
"data.game_map.test_dungeon.short_description","TownMap","game_map","PF_Canvas_TownExpeditionOverlay.prefab","MapOption_03/Description","must","data_ref","빠른 로컬 테스트","Quick local test","",""
"data.game_map.test_dungeon.difficulty","TownMap","game_map","TownExpeditionPanel.cs:127","MapOption_03/Difficulty","must","data_ref","테스트","Test","",""
"data.game_map.test_dungeon.players","TownMap","game_map","TownExpeditionPanel.cs:135","MapOption_03/Meta","must","data_ref","1~4명","1-4 players","",""
"data.game_map.test_dungeon.time","TownMap","game_map","TownExpeditionPanel.cs:143","MapOption_03/Meta","must","data_ref","5~10분","5-10 min","",""
"data.game_map.test_dungeon.goal","TownMap","game_map","TownExpeditionPanel.cs:151","SelectedMapGoal","must","data_ref","테스트 완료","Complete the test","",""
"data.town_map.forest.title","TownMap","town_map","PF_Canvas_TownExpeditionOverlay.prefab; TownExpeditionPanel.cs:1722","MapInfoTitle","must","data_ref","타운 포레스트","Town Forest","",""
"data.town_map.default.title","TownMap","town_map","TownExpeditionPanel.cs:1725","MapInfoTitle","must","data_ref","타운","Town","",""
"data.town_map.forest.description","TownMap","town_map","PF_Canvas_TownExpeditionOverlay.prefab","MapInfoDescription","must","data_ref","숲 속 작은 마을과 울창한 숲길이 이어진 지역입니다.","A region connecting a small forest town and deep woodland paths.","",""
"data.town_map.forest.feature.entrance","TownMap","town_map","PF_Canvas_TownExpeditionOverlay.prefab","MapInfoFeature_*/FeatureText","must","data_ref","마을 입구\n여정의 시작점입니다.","Town Entrance\nThe starting point of the journey.","",""
"ui.home.card.map.title","TownMap","home","PF_Canvas_TownHomeOverlay.prefab","HomeReference/Button_Map_Card/Title","must","static","지도","MAP","",""
"ui.home.card.map.subtitle","TownMap","home","PF_Canvas_TownHomeOverlay.prefab","HomeReference/Button_Map_Card/Subtitle","must","static","월드맵을 보고 Town으로 향하는 경로를 계획합니다.","View the world map and plan your route to Town.","",""
"ui.home.card.map.action","TownMap","home","PF_Canvas_TownHomeOverlay.prefab","HomeReference/Button_Map_Card/ActionLabel","must","static","월드맵 열기","Open World Map","",""
"ui.home.card.equipment.title","TownMap","home","PF_Canvas_TownHomeOverlay.prefab","HomeReference/Button_Equipment_Card/Title","must","static","장비","EQUIPMENT","",""
"ui.home.card.equipment.subtitle","TownMap","home","PF_Canvas_TownHomeOverlay.prefab","HomeReference/Button_Equipment_Card/Subtitle","must","static","무기와 방어구 및 장신구를 장착합니다.","Equip weapons armor and accessories.","",""
"ui.home.card.equipment.action","TownMap","home","PF_Canvas_TownHomeOverlay.prefab","HomeReference/Button_Equipment_Card/ActionLabel","must","static","장비 관리","Manage Equipment","",""
"ui.home.card.inventory.title","TownMap","home","PF_Canvas_TownHomeOverlay.prefab","HomeReference/Button_Inventory_Card/Title","must","static","인벤토리","INVENTORY","",""
"ui.home.card.inventory.subtitle","TownMap","home","PF_Canvas_TownHomeOverlay.prefab","HomeReference/Button_Inventory_Card/Subtitle","must","static","아이템과 재료 및 유용한 물품을 확인합니다.","View items materials and useful goods.","",""
"ui.home.card.inventory.action","TownMap","home","PF_Canvas_TownHomeOverlay.prefab","HomeReference/Button_Inventory_Card/ActionLabel","must","static","인벤토리 열기","Open Inventory","",""
"ui.home.card.appearance.title","TownMap","home","PF_Canvas_TownHomeOverlay.prefab","HomeReference/Button_Appearance_Card/Title","must","static","외형","APPEARANCE","",""
"ui.home.card.appearance.subtitle","TownMap","home","PF_Canvas_TownHomeOverlay.prefab","HomeReference/Button_Appearance_Card/Subtitle","must","static","캐릭터 외형과 복장을 변경합니다.","Customize your look and outfit.","",""
"ui.home.card.appearance.action","TownMap","home","PF_Canvas_TownHomeOverlay.prefab","HomeReference/Button_Appearance_Card/ActionLabel","must","static","외형 변경","Change Appearance","",""
"ui.home.map.title","TownMap","home_map","PF_Canvas_TownHomeOverlay.prefab","UI_Home_Map/MapTitleText","must","static","월드맵","WORLD MAP","",""
"ui.home.map.status.select_region","TownMap","home_map","PF_Canvas_TownHomeOverlay.prefab","UI_Home_Map/MapStatus","must","static","지역을 선택하세요.","Select a region.","",""
"ui.home.map.status.ready","TownMap","home_map","HomeMapRealmUI.cs:13","MapStatus","must","static","지역을 선택한 뒤 입장 버튼을 누르세요.","Select a region and press Enter.","",""
"ui.home.map.status.missing_map","TownMap","home_map","HomeMapRealmUI.cs:12","MapStatus","must","static","없는 맵입니다.","Map not found.","",""
"ui.home.map.realm.golden_plains.title","TownMap","home_map","PF_Canvas_TownHomeOverlay.prefab","RealmTitle","must","data_ref","골든 플레인","GOLDEN PLAINS","","지역명은 맵 데이터로 분리 권장"
"ui.home.map.realm.forest.description","TownMap","home_map","PF_Canvas_TownHomeOverlay.prefab","RealmDescription","must","data_ref","숲의 균열과 리듬 왜곡이 시작된 첫 영역입니다.","The first area where forest rifts and rhythm distortion began.","",""
"ui.home.map.travel_here","TownMap","home_map","PF_Canvas_TownHomeOverlay.prefab","Button_SelectRealm/Label","must","static","이동하기","TRAVEL HERE","",""
"ui.home.map.ticket.format","TownMap","home_map","HomeMapRealmUI.cs:234","RealmTicket","must","template","티켓: {ticket}","Ticket: {ticket}","ticket",""
"ui.home.map.ticket.none","TownMap","home_map","HomeMapRealmUI.cs:234","RealmTicket","must","static","티켓: 없음","Ticket: None","",""
"ui.home.town_entry.title","TownMap","home_town_entry","PF_Canvas_TownHomeOverlay.prefab","TownEntryChoicePanel/TownEntryTitle","must","static","위스퍼링 포레스트 타운","Whispering Forest Town","",""
"ui.home.town_entry.status.choose","TownMap","home_town_entry","PF_Canvas_TownHomeOverlay.prefab","TownEntryChoicePanel/TownEntryStatus","must","static","Town 입장 방식을 선택하세요.","Choose how you want to enter a town.","",""
"ui.home.town_entry.status.choice_in_progress","TownMap","home_town_entry","HomeMapRealmUI.cs:394; 443","TownEntryStatus","must","template","{realm} 입장 방식 선택 중...","Choosing entry method for {realm}...","realm",""
"ui.home.town_entry.choice.create.title","TownMap","home_town_entry","PF_Canvas_TownHomeOverlay.prefab; HomeMapRealmUI.cs:433","Button_ChoiceCreateTown/Title","must","static","내 Town 생성","Create My Town","",""
"ui.home.town_entry.choice.create.subtitle","TownMap","home_town_entry","PF_Canvas_TownHomeOverlay.prefab","Button_ChoiceCreateTown/Subtitle","must","static","이름과 공개 여부 및 인원 제한을 설정합니다.","Set name visibility and player limit.","",""
"ui.home.town_entry.choice.create.icon","TownMap","home_town_entry","PF_Canvas_TownHomeOverlay.prefab","Button_ChoiceCreateTown/IconLabel","should","static","NEW","NEW","","작은 배지 텍스트"
"ui.home.town_entry.choice.existing.title","TownMap","home_town_entry","PF_Canvas_TownHomeOverlay.prefab; HomeMapRealmUI.cs:432","Button_ChoiceExistingTown/Title","must","static","기존 Town 찾기","Existing Towns","",""
"ui.home.town_entry.choice.existing.subtitle","TownMap","home_town_entry","PF_Canvas_TownHomeOverlay.prefab","Button_ChoiceExistingTown/Subtitle","must","static","다른 플레이어가 만든 Town을 찾아봅니다.","Browse towns created by other players.","",""
"ui.home.town_entry.choice.existing.icon","TownMap","home_town_entry","PF_Canvas_TownHomeOverlay.prefab","Button_ChoiceExistingTown/IconLabel","should","static","FIND","FIND","","작은 배지 텍스트"
"ui.home.town_entry.choice.key.title","TownMap","home_town_entry","PF_Canvas_TownHomeOverlay.prefab; HomeMapRealmUI.cs:434","Button_ChoiceJoinKey/Title","must","static","Key로 참가","Join with Key","",""
"ui.home.town_entry.choice.key.subtitle","TownMap","home_town_entry","PF_Canvas_TownHomeOverlay.prefab","Button_ChoiceJoinKey/Subtitle","must","static","초대 Key를 입력해 바로 입장합니다.","Enter an invite key for direct access.","",""
"ui.home.town_entry.choice.key.icon","TownMap","home_town_entry","PF_Canvas_TownHomeOverlay.prefab","Button_ChoiceJoinKey/IconLabel","should","static","KEY","KEY","","작은 배지 텍스트"
"ui.home.town_entry.quick_key.label","TownMap","home_town_entry","PF_Canvas_TownHomeOverlay.prefab","QuickKeyDivider/Label","must","static","빠른 Key 참가","Quick Key Join","",""
"ui.home.town_entry.quick_key.placeholder","TownMap","home_town_entry","PF_Canvas_TownHomeOverlay.prefab","Input_QuickTownKey/Placeholder","must","static","Town Key 입력...","Enter town key...","",""
"ui.home.town_entry.open_selected","TownMap","home_town_entry","PF_Canvas_TownHomeOverlay.prefab","Button_ChoiceOpenSelected/Label","must","static","선택 항목 열기","Open Selected","",""
"ui.home.town_entry.create.name_label","TownMap","home_town_entry","PF_Canvas_TownHomeOverlay.prefab","CreateTownRoot/TownNameLabel","must","static","Town 이름","Town Name","",""
"ui.home.town_entry.create.name_placeholder","TownMap","home_town_entry","PF_Canvas_TownHomeOverlay.prefab","CreateTownRoot/Input_TownName/Placeholder","should","static","위스퍼링 둥지","Whispering Nest","","기본 입력 예시"
"ui.home.town_entry.create.visibility_label","TownMap","home_town_entry","PF_Canvas_TownHomeOverlay.prefab","CreateTownRoot/VisibilityLabel","must","static","공개 여부","Visibility","",""
"ui.home.town_entry.create.public","TownMap","home_town_entry","PF_Canvas_TownHomeOverlay.prefab","Button_CreatePublic/Label","must","static","공개","Public","",""
"ui.home.town_entry.create.private","TownMap","home_town_entry","PF_Canvas_TownHomeOverlay.prefab","Button_CreatePrivate/Label","must","static","비공개","Private","",""
"ui.home.town_entry.create.max_players","TownMap","home_town_entry","PF_Canvas_TownHomeOverlay.prefab","CreateTownRoot/MaxPlayersLabel","must","static","최대 인원","Max Players","",""
"ui.home.town_entry.create.max_players_option","TownMap","home_town_entry","PF_Canvas_TownHomeOverlay.prefab","Button_MaxPlayers_*/Label","candidate","number","{count}","{count}","count","숫자 옵션"
"ui.home.town_entry.create.button","TownMap","home_town_entry","PF_Canvas_TownHomeOverlay.prefab","Button_CreateTown/Label","must","static","Town 생성","Create Town","",""
"ui.home.town_entry.create.cancel","TownMap","home_town_entry","PF_Canvas_TownHomeOverlay.prefab","Button_CreateCancel/Label","must","static","취소","Cancel","",""
"ui.home.town_entry.create.status.help","TownMap","home_town_entry","HomeMapRealmUI.cs:450","CreateTownRoot/Status","must","static","새 Town을 만들고 참가 가능 대상을 선택합니다.","Create a new town and choose who can join.","",""
"ui.home.town_entry.create.status.api_missing","TownMap","home_town_entry","HomeMapRealmUI.cs:466","CreateTownRoot/Status","must","static","API가 준비되지 않았습니다.","API is not ready.","",""
"ui.home.town_entry.create.status.clearing","TownMap","home_town_entry","HomeMapRealmUI.cs:471","CreateTownRoot/Status","must","static","이전 Town 정보 정리 중...","Clearing previous Town information...","",""
"ui.home.town_entry.create.status.creating_public","TownMap","home_town_entry","HomeMapRealmUI.cs:473","CreateTownRoot/Status","must","static","Public Town 생성 중...","Creating Public Town...","",""
"ui.home.town_entry.create.status.creating_private","TownMap","home_town_entry","HomeMapRealmUI.cs:473","CreateTownRoot/Status","must","static","Private Town 생성 중...","Creating Private Town...","",""
"ui.home.town_entry.create.status.failed","TownMap","home_town_entry","HomeMapRealmUI.cs:487","CreateTownRoot/Status","must","template","Town 생성 실패: {error}","Town creation failed: {error}","error",""
"ui.home.town_entry.create.status.steam_lobby","TownMap","home_town_entry","HomeMapRealmUI.cs:495","CreateTownRoot/Status","must","static","Steam Lobby 생성 중...","Creating Steam Lobby...","",""
"ui.home.town_entry.create.status.public_ready","TownMap","home_town_entry","HomeMapRealmUI.cs:505","CreateTownRoot/Status","must","static","Public Town 준비 완료. 이동 중...","Public Town ready. Moving...","",""
"ui.home.town_entry.create.status.private_ready","TownMap","home_town_entry","HomeMapRealmUI.cs:506","CreateTownRoot/Status","must","template","Private Town 준비 완료. Key: {key}","Private Town ready. Key: {key}","key",""
"ui.home.town_entry.create.visibility_hint.public","TownMap","home_town_entry","PF_Canvas_TownHomeOverlay.prefab; HomeMapRealmUI.cs:918","CreateTownRoot/VisibilityHint","must","static","Public Town은 기존 Town 목록에 표시되며 다른 플레이어가 참가할 수 있습니다.","Public towns appear in the existing town list and can be joined by other players.","",""
"ui.home.town_entry.create.visibility_hint.private","TownMap","home_town_entry","HomeMapRealmUI.cs:919","CreateTownRoot/VisibilityHint","must","static","Private Town은 목록에 표시되지 않습니다. 직접 입장하려면 Town Key를 공유하세요.","Private towns stay hidden from the list. Share the Town key for direct access.","",""
"ui.home.town_entry.existing.search_placeholder","TownMap","home_town_entry","PF_Canvas_TownHomeOverlay.prefab","ExistingTownsRoot/Input_SearchTown/Placeholder","must","static","Town 검색","Search Town","",""
"ui.home.town_entry.existing.refresh","TownMap","home_town_entry","PF_Canvas_TownHomeOverlay.prefab","Button_FindTown/Label","must","static","새로고침","Refresh","",""
"ui.home.town_entry.existing.back","TownMap","home_town_entry","PF_Canvas_TownHomeOverlay.prefab","Button_ExistingBack/Label","must","static","뒤로","Back","",""
"ui.home.town_entry.existing.join_selected","TownMap","home_town_entry","PF_Canvas_TownHomeOverlay.prefab","Button_JoinSelectedTown/Label","must","static","선택한 Town 참가","Join Selected Town","",""
"ui.home.town_entry.existing.join","TownMap","home_town_entry","PF_Canvas_TownHomeOverlay.prefab","TownRoomRow_*/Button_RowJoin/Label","must","static","참가","Join","",""
"ui.home.town_entry.existing.status.default","TownMap","home_town_entry","PF_Canvas_TownHomeOverlay.prefab","ExistingStatus","must","static","참가 가능한 Town을 찾아 선택하세요.","Browse available towns and join one.","",""
"ui.home.town_entry.existing.status.api_missing","TownMap","home_town_entry","HomeMapRealmUI.cs:518; 605; 698","ExistingStatus","must","static","TownRoomApi가 준비되지 않았습니다.","TownRoomApi is not ready.","",""
"ui.home.town_entry.existing.status.clearing","TownMap","home_town_entry","HomeMapRealmUI.cs:525; 703","ExistingStatus","must","static","이전 Town 정보 정리 중...","Clearing previous Town information...","",""
"ui.home.town_entry.existing.status.searching","TownMap","home_town_entry","HomeMapRealmUI.cs:527","ExistingStatus","must","static","기존 Town 검색 중...","Searching existing Towns...","",""
"ui.home.town_entry.existing.status.list_failed","TownMap","home_town_entry","HomeMapRealmUI.cs:532","ExistingStatus","must","template","Town 목록 조회 실패: {error}","Town list query failed: {error}","error",""
"ui.home.town_entry.existing.status.no_towns","TownMap","home_town_entry","PF_Canvas_TownHomeOverlay.prefab; HomeMapRealmUI.cs:547; 779","EmptyRoomText","must","static","열려 있는 Town이 없습니다.","There are no open Towns.","",""
"ui.home.town_entry.existing.status.search_empty","TownMap","home_town_entry","HomeMapRealmUI.cs:779","EmptyRoomText","must","static","검색 결과가 없습니다.","No search results.","",""
"ui.home.town_entry.existing.status.found_count","TownMap","home_town_entry","HomeMapRealmUI.cs:547","ExistingStatus","must","template","{count}개의 Town을 찾았습니다.","Found {count} Towns.","count",""
"ui.home.town_entry.existing.status.select_first","TownMap","home_town_entry","HomeMapRealmUI.cs:590","ExistingStatus","must","static","먼저 Town을 선택하세요.","Select a Town first.","",""
"ui.home.town_entry.existing.status.too_many","TownMap","home_town_entry","HomeMapRealmUI.cs:811","ExistingStatus","must","static","표시 가능한 Town 목록 수를 초과했습니다. 검색어를 좁혀주세요.","Too many Towns to display. Narrow your search.","",""
"ui.home.town_entry.existing.selected_default_title","TownMap","home_town_entry","PF_Canvas_TownHomeOverlay.prefab; HomeMapRealmUI.cs:885","SelectedTownTitle","must","static","Town 선택","Select a Town","",""
"ui.home.town_entry.existing.town_title_fallback","TownMap","home_town_entry","PF_Canvas_TownHomeOverlay.prefab; HomeMapRealmUI.cs:815; 869; 965","TownRoomRow_*/Title","must","static","Town","Town","",""
"ui.home.town_entry.existing.own_town_format","TownMap","home_town_entry","HomeMapRealmUI.cs:818","TownRoomRow_*/Title","must","template","{title} (내 Town)","{title} (My Town)","title",""
"ui.home.town_entry.existing.host_format","TownMap","home_town_entry","PF_Canvas_TownHomeOverlay.prefab; HomeMapRealmUI.cs:871; 967","SelectedTownHost; KeyResultHost","must","template","Host: {host}","Host: {host}","host",""
"ui.home.town_entry.existing.players_format","TownMap","home_town_entry","PF_Canvas_TownHomeOverlay.prefab; HomeMapRealmUI.cs:873","SelectedTownPlayers; KeyResultPlayers","must","template","Players: {current} / {max}","Players: {current} / {max}","current|max",""
"ui.home.town_entry.existing.key_format","TownMap","home_town_entry","HomeMapRealmUI.cs:877","SelectedTownKey","must","template","Key: {key}","Key: {key}","key",""
"ui.home.town_entry.key.label","TownMap","home_town_entry","PF_Canvas_TownHomeOverlay.prefab","JoinWithKeyRoot/TownKeyLabel","must","static","Town Key","Town Key","",""
"ui.home.town_entry.key.placeholder","TownMap","home_town_entry","PF_Canvas_TownHomeOverlay.prefab","Input_InviteCode/Placeholder","should","static","7F3K-G2M9","7F3K-G2M9","","입력 예시"
"ui.home.town_entry.key.find","TownMap","home_town_entry","PF_Canvas_TownHomeOverlay.prefab","Button_JoinInvite/Label","must","static","찾기","Find","",""
"ui.home.town_entry.key.join","TownMap","home_town_entry","PF_Canvas_TownHomeOverlay.prefab","Button_JoinKeyTown/Label","must","static","Town 참가","Join Town","",""
"ui.home.town_entry.key.clear","TownMap","home_town_entry","PF_Canvas_TownHomeOverlay.prefab","Button_ClearKey/Label","must","static","초기화","Clear","",""
"ui.home.town_entry.key.cancel","TownMap","home_town_entry","PF_Canvas_TownHomeOverlay.prefab","Button_KeyCancel/Label","must","static","취소","Cancel","",""
"ui.home.town_entry.key.status.help","TownMap","home_town_entry","PF_Canvas_TownHomeOverlay.prefab; HomeMapRealmUI.cs:982","KeyStatus","must","static","Private Town은 유효한 Key가 필요합니다.","Private towns require a valid key.","",""
"ui.home.town_entry.key.status.enter_key","TownMap","home_town_entry","HomeMapRealmUI.cs:691","KeyStatus","must","static","Town key를 입력하세요.","Enter a Town key.","",""
"ui.home.town_entry.key.status.checking","TownMap","home_town_entry","HomeMapRealmUI.cs:705","KeyStatus","must","static","Town key 확인 중...","Checking Town key...","",""
"ui.home.town_entry.key.status.failed","TownMap","home_town_entry","HomeMapRealmUI.cs:713","KeyStatus","must","template","Town key 확인 실패: {error}","Town key check failed: {error}","error",""
"ui.home.town_entry.key.status.complete","TownMap","home_town_entry","HomeMapRealmUI.cs:718","KeyStatus","must","static","Town key 확인 완료.","Town key verified.","",""
"ui.home.town_entry.enter.status.session_missing","TownMap","home_town_entry","HomeMapRealmUI.cs:556","Status","must","static","SessionApi가 준비되지 않았습니다.","SessionApi is not ready.","",""
"ui.home.town_entry.enter.status.token_check","TownMap","home_town_entry","HomeMapRealmUI.cs:561","Status","must","template","{role} 입장 토큰 확인 중...","Checking {role} entry token...","role",""
"ui.home.town_entry.enter.status.ticket_failed","TownMap","home_town_entry","HomeMapRealmUI.cs:572","Status","must","template","티켓 발급 실패: {error}","Ticket issue failed: {error}","error",""
"ui.home.town_entry.enter.status.ticket_complete","TownMap","home_town_entry","HomeMapRealmUI.cs:579","Status","must","static","티켓 확인 완료. Town으로 이동 중...","Ticket verified. Moving to Town...","",""
"ui.home.town_entry.join.status.requesting","TownMap","home_town_entry","HomeMapRealmUI.cs:616","Status","must","static","Town 참여 요청 중...","Requesting Town join...","",""
"ui.home.town_entry.join.status.steam_lobby","TownMap","home_town_entry","HomeMapRealmUI.cs:621","Status","must","static","Steam Lobby 참여 중...","Joining Steam Lobby...","",""
"ui.home.town_entry.join.status.failed","TownMap","home_town_entry","HomeMapRealmUI.cs:628","Status","must","template","Town 참여 실패: {error}","Town join failed: {error}","error",""
"ui.home.town_entry.unwired","TownMap","home_town_entry","HomeMapRealmUI.cs:992","Status","must","static","Town 입장 선택 UI가 씬에 연결되지 않았습니다.","Town entry choice UI is not connected in the scene.","",""
"ui.home.equipment.slot.weapon","TownMap","home_equipment","PF_Canvas_TownHomeOverlay.prefab; HomeEquipPopupUI.cs:1558","Slot_Weapon/SlotLabel","must","static","무기","WEAPON","",""
"ui.home.equipment.slot.head","TownMap","home_equipment","PF_Canvas_TownHomeOverlay.prefab; HomeEquipPopupUI.cs:1559","Slot_Head/SlotLabel","must","static","머리","HELMET","",""
"ui.home.equipment.slot.armor","TownMap","home_equipment","PF_Canvas_TownHomeOverlay.prefab; HomeEquipPopupUI.cs:1560","Slot_Armor/SlotLabel","must","static","갑옷","ARMOR","",""
"ui.home.equipment.slot.pants","TownMap","home_equipment","PF_Canvas_TownHomeOverlay.prefab; HomeEquipPopupUI.cs:1561","Slot_Pants/SlotLabel","must","static","하의","SKILL GEAR","","현재 UI는 SKILL GEAR로 표시"
"ui.home.equipment.slot.shoes","TownMap","home_equipment","PF_Canvas_TownHomeOverlay.prefab; HomeEquipPopupUI.cs:1562","Slot_Shoes/SlotLabel","must","static","신발","BOOTS","",""
"ui.home.equipment.slot.accessory","TownMap","home_equipment","PF_Canvas_TownHomeOverlay.prefab; HomeEquipPopupUI.cs:1563","Slot_Accessory/SlotLabel","must","static","장신구","ACCESSORY","",""
"ui.home.equipment.slot.all","TownMap","home_equipment","HomeEquipPopupUI.cs:1557","slot filter","must","static","전체","All","",""
"ui.home.equipment.slot_hint","TownMap","home_equipment","PF_Canvas_TownHomeOverlay.prefab","EquipmentReference/Slot_*/SlotHint","must","static","탭하여 보기","Tap to view","",""
"ui.home.equipment.auto_equip","TownMap","home_equipment","PF_Canvas_TownHomeOverlay.prefab","EquipmentReference/AutoEquipText","must","static","자동 장착","AUTO EQUIP","",""
"ui.home.equipment.manage_loadout","TownMap","home_equipment","PF_Canvas_TownHomeOverlay.prefab","EquipmentReference/ManageLoadoutText","must","static","로드아웃 관리","MANAGE LOADOUT","",""
"ui.home.equipment.summary_title","TownMap","home_equipment","PF_Canvas_TownHomeOverlay.prefab","EquipmentReference/SummaryTitle","must","static","장비 요약","EQUIPMENT SUMMARY","",""
"ui.home.equipment.summary_values_format","TownMap","home_equipment","PF_Canvas_TownHomeOverlay.prefab","EquipmentReference/SummaryValues","should","template","장비 점수 {gear_score}\nATK {atk}\nDEF {def}","Gear Score {gear_score}\nATK {atk}\nDEF {def}","gear_score|atk|def",""
"ui.home.equipment.selected_slot_hint","TownMap","home_equipment","PF_Canvas_TownHomeOverlay.prefab","EquipmentReference/SelectedItemText","must","static","선택됨: 슬롯을 탭하세요","SELECTED: TAP A SLOT","",""
"ui.home.equipment.popup.title_format","TownMap","home_equipment","HomeEquipPopupUI.cs:89","UI_Home_Equipment_Detail/Title","must","template","{slot} 장비","{slot} Equipment","slot",""
"ui.home.equipment.popup.title_default","TownMap","home_equipment","PF_Canvas_TownHomeOverlay.prefab; HomeEquipPopupUI.cs:147","UI_Home_Equipment_Detail/Title","must","static","장비 선택","Select Equipment","",""
"ui.home.equipment.popup.owned_items","TownMap","home_equipment","PF_Canvas_TownHomeOverlay.prefab; HomeEquipPopupUI.cs:249","OwnedItemsTitle","must","static","보유 장비","Owned Equipment","",""
"ui.home.equipment.popup.slot_label_format","TownMap","home_equipment","PF_Canvas_TownHomeOverlay.prefab; HomeEquipPopupUI.cs:1146","SelectedSlotLabel","must","template","부위: {slot}","Slot: {slot}","slot",""
"ui.home.equipment.popup.item_count_format","TownMap","home_equipment","PF_Canvas_TownHomeOverlay.prefab; HomeEquipPopupUI.cs:1150","ItemCountLabel","must","template","{count}개 보유","Owned: {count}","count",""
"ui.home.equipment.popup.no_items_for_slot","TownMap","home_equipment","PF_Canvas_TownHomeOverlay.prefab; HomeEquipPopupUI.cs:307; 820","ItemListEmptyText; DetailDescription","must","static","해당 부위의 장비가 없습니다.","No equipment for this slot.","",""
"ui.home.equipment.popup.detail_title","TownMap","home_equipment","PF_Canvas_TownHomeOverlay.prefab; HomeEquipPopupUI.cs:347","DetailTitle","must","static","상세 정보","Details","",""
"ui.home.equipment.popup.detail_no_selection","TownMap","home_equipment","HomeEquipPopupUI.cs:364; 987","DetailName","must","static","선택된 장비가 없습니다.","No equipment selected.","",""
"ui.home.equipment.popup.detail_no_equipment","TownMap","home_equipment","PF_Canvas_TownHomeOverlay.prefab; HomeEquipPopupUI.cs:1003","DetailName","must","static","장비 없음","No Equipment","",""
"ui.home.equipment.popup.detail_description_empty","TownMap","home_equipment","HomeEquipPopupUI.cs:367","DetailDescription","must","static","장비를 선택하면 상세 정보가 표시됩니다.","Select equipment to show details.","",""
"ui.home.equipment.popup.status_waiting","TownMap","home_equipment","HomeEquipPopupUI.cs:368","DetailStatus","must","static","대기 중","Waiting","",""
"ui.home.equipment.popup.action.equip","TownMap","home_equipment","PF_Canvas_TownHomeOverlay.prefab; HomeEquipPopupUI.cs:370; 1020","DetailActionButton/Text","must","static","장착","Equip","",""
"ui.home.equipment.popup.action.unequip","TownMap","home_equipment","HomeEquipPopupUI.cs:978","DetailActionButton/Text","must","static","장착 해제","Unequip","",""
"ui.home.equipment.popup.status.inventory_missing","TownMap","home_equipment","HomeEquipPopupUI.cs:810","DetailStatus","must","static","InventoryManager가 없습니다.","InventoryManager is missing.","",""
"ui.home.equipment.popup.status.select_equipment","TownMap","home_equipment","HomeEquipPopupUI.cs:908","DetailStatus","must","static","장비를 선택하세요.","Select equipment.","",""
"ui.home.equipment.popup.status.template_missing","TownMap","home_equipment","HomeEquipPopupUI.cs:915","DetailStatus","must","template","템플릿을 찾을 수 없습니다. ({template_id})","Template not found. ({template_id})","template_id",""
"ui.home.equipment.popup.status.equipped","TownMap","home_equipment","HomeEquipPopupUI.cs:944; 968","DetailStatus","must","static","장착 중","Equipped","",""
"ui.home.equipment.popup.status.unequipped","TownMap","home_equipment","HomeEquipPopupUI.cs:944; 969","DetailStatus","must","static","미장착","Unequipped","",""
"ui.home.equipment.popup.status.equipped_sentence","TownMap","home_equipment","HomeEquipPopupUI.cs:968","DetailStatus","must","static","현재 이 장비는 장착되어 있습니다.","This equipment is currently equipped.","",""
"ui.home.equipment.popup.status.unequipped_sentence","TownMap","home_equipment","HomeEquipPopupUI.cs:969","DetailStatus","must","static","이 장비는 아직 장착되지 않았습니다.","This equipment is not equipped yet.","",""
"ui.home.equipment.popup.description_missing","TownMap","home_equipment","HomeEquipPopupUI.cs:961","DetailDescription","must","static","상세 설명이 없습니다.","No detailed description.","",""
"ui.home.equipment.popup.stats_format","TownMap","home_equipment","HomeEquipPopupUI.cs:951-955","DetailStats","must","template","공격력 +{atk}\n방어력 +{def}\n체력 +{hp}\n스킬: {skill}\n기본 공격: {normal_attack}","ATK +{atk}\nDEF +{def}\nHP +{hp}\nSkill: {skill}\nBasic Attack: {normal_attack}","atk|def|hp|skill|normal_attack",""
"ui.home.inventory.row_name_format","TownMap","home_inventory","PF_Canvas_TownHomeOverlay.prefab","InventoryRow_*/Name","should","template","아이템 슬롯 {index}","ITEM SLOT {index}","index","플레이스홀더 행 이름"
"ui.home.appearance.title","TownMap","home_appearance","PF_Canvas_TownHomeOverlay.prefab; HomeAppearanceSelectorUI.cs:72","UI_Home_Appearance/Title","must","static","외형 선택","Select Appearance","",""
"ui.home.appearance.current_format","TownMap","home_appearance","PF_Canvas_TownHomeOverlay.prefab; HomeAppearanceSelectorUI.cs:394; HomeAppearancePageUI.cs:191","CurrentText","must","template","선택 외형: {appearance}","Selected Appearance: {appearance}","appearance",""
"ui.home.appearance.current_empty","TownMap","home_appearance","PF_Canvas_TownHomeOverlay.prefab","CurrentText","must","static","선택 외형: -","Selected Appearance: -","",""
"ui.home.appearance.applied_format","TownMap","home_appearance","PF_Canvas_TownHomeOverlay.prefab; HomeAppearanceSelectorUI.cs:401; HomeAppearancePageUI.cs:194","AppliedText","must","template","적용 외형: {appearance}","Applied Appearance: {appearance}","appearance",""
"ui.home.appearance.applied_empty","TownMap","home_appearance","PF_Canvas_TownHomeOverlay.prefab","AppliedText","must","static","적용 외형: -","Applied Appearance: -","",""
"ui.home.appearance.status.ready","TownMap","home_appearance","PF_Canvas_TownHomeOverlay.prefab; HomeAppearanceSelectorUI.cs:80","StatusText","must","static","준비 중","Preparing","",""
"ui.home.appearance.apply","TownMap","home_appearance","PF_Canvas_TownHomeOverlay.prefab","Button_ApplyAppearance/Label","must","static","적용","Apply","",""
"ui.home.appearance.open","TownMap","home_appearance","HomeAppearanceSelectorUI.cs:82; 303","AppearanceOpenButton","must","static","외형 열기","Open Appearance","",""
"ui.home.appearance.close","TownMap","home_appearance","HomeAppearanceSelectorUI.cs:83; 124; 303","AppearanceOpenButton; CloseButton","must","static","외형 닫기","Close Appearance","",""
"ui.home.appearance.popup_title","TownMap","home_appearance","HomeAppearanceSelectorUI.cs:123","PopupTitle","must","static","선택 가능한 외형","Available Appearances","",""
"ui.home.appearance.status.uid_missing","TownMap","home_appearance","HomeAppearanceSelectorUI.cs:319; 354; HomeAppearancePageUI.cs:103; 145","StatusText","must","static","UID를 찾지 못했습니다.","UID was not found.","",""
"ui.home.appearance.status.api_missing","TownMap","home_appearance","HomeAppearanceSelectorUI.cs:326; 361; HomeAppearancePageUI.cs:111; 152","StatusText","must","static","PlayerStateApi가 준비되지 않았습니다.","PlayerStateApi is not ready.","",""
"ui.home.appearance.status.loading","TownMap","home_appearance","HomeAppearanceSelectorUI.cs:330; HomeAppearancePageUI.cs:117","StatusText","must","static","외형 정보를 불러오는 중...","Loading appearance information...","",""
"ui.home.appearance.status.load_failed","TownMap","home_appearance","HomeAppearanceSelectorUI.cs:334; HomeAppearancePageUI.cs:123","StatusText","must","template","불러오기 실패: {error}","Load failed: {error}","error",""
"ui.home.appearance.status.loaded","TownMap","home_appearance","HomeAppearanceSelectorUI.cs:343; HomeAppearancePageUI.cs:134","StatusText","must","static","외형 정보를 불러왔습니다.","Appearance information loaded.","",""
"ui.home.appearance.status.saving","TownMap","home_appearance","HomeAppearanceSelectorUI.cs:366; HomeAppearancePageUI.cs:158","StatusText","must","static","저장 중...","Saving...","",""
"ui.home.appearance.status.saving_detail","TownMap","home_appearance","HomeAppearancePageUI.cs:158","StatusText","must","static","외형 저장 중...","Saving appearance...","",""
"ui.home.appearance.status.save_failed","TownMap","home_appearance","HomeAppearanceSelectorUI.cs:373; HomeAppearancePageUI.cs:166","StatusText","must","template","저장 실패: {error}","Save failed: {error}","error",""
"ui.home.appearance.status.saved","TownMap","home_appearance","HomeAppearanceSelectorUI.cs:382; HomeAppearancePageUI.cs:176","StatusText","must","template","저장 완료: {appearance}","Saved: {appearance}","appearance",""
"data.appearance.auto","TownMap","appearance_data","AppearanceCatalog.cs:65; PF_Canvas_TownHomeOverlay.prefab","AppearanceOption_0/Label","must","data_ref","자동(장비기반)","Auto (Equipment Based)","",""
"data.appearance.barbarian","TownMap","appearance_data","PF_Canvas_TownHomeOverlay.prefab","AppearanceOption_10/Label","must","data_ref","바바리안","Barbarian","",""
"data.appearance.mage","TownMap","appearance_data","PF_Canvas_TownHomeOverlay.prefab","AppearanceOption_11/Label","must","data_ref","마법사","Mage","",""
"data.appearance.rogue","TownMap","appearance_data","PF_Canvas_TownHomeOverlay.prefab","AppearanceOption_12/Label","must","data_ref","로그","Rogue","","현재 프리팹 값은 Rogu로 잘린 상태"
